filename,width,height,dpi,format,file_size,created_date,main_subject,style,color_palette,tags,orientation,suggested_products,SEO_title,SEO_description,emotion,safety_rating,dominant_keyword,source
MEMES & HUMOR  BRTH POP!.png,1024,1024,300,PNG,1976862,2025-05-08 04:24:08,,,,[],,[],,,,,,etsy-20250530
3.png,2640,3171,299.9994,PNG,6970593,2025-05-05 22:14:49,,,,[],,[],,,,,,etsy-20250530
Summer-Bundle-Funny-Animals-Sublimation-Graphics-119470818-1-1-580x387.jpg,580,387,300,JPEG,66454,2025-05-07 15:28:18,,,,[],,[],,,,,,mydesign-uplive-20250530
Funny-Sarcastic-SVG-Bundle-Sarcasm-SVG-Graphics-118568913-1-1-580x386.png,580,386,300,PNG,112060,2025-05-07 15:30:48,,,,[],,[],,,,,,mydesign-uplive-20250530
Funny-Sarcastic-SVG-Bundle-Sarcasm-SVG-Graphics-118568913-2-580x386.png,580,386,300,PNG,107990,2025-05-07 15:30:53,,,,[],,[],,,,,,mydesign-uplive-20250530
3D_Valentines_Day_Highland_Cow_(5)_Tumbler_Wrap_11_oz_Mug_Template.png,2550,1050,299.9994,PNG,5194830,2025-05-05 18:49:04,,,,[],,[],,,,,,zip-3D_Highland_Cow_Valentine_Mug_Wraps-11oz_Mug_Wraps-20250530
3D_Valentines_Day_Highland_Cow_(4)_Tumbler_Wrap_11_oz_Mug_Template.png,2550,1050,299.9994,PNG,6365731,2025-05-05 18:49:04,,,,[],,[],,,,,,zip-3D_Highland_Cow_Valentine_Mug_Wraps-11oz_Mug_Wraps-20250530
3D_Valentines_Day_Highland_Cow_(21)_Tumbler_Wrap_11_oz_Mug_Template.png,2550,1050,299.9994,PNG,5573110,2025-05-05 18:49:04,,,,[],,[],,,,,,zip-3D_Highland_Cow_Valentine_Mug_Wraps-11oz_Mug_Wraps-20250530
3D_Valentines_Day_Highland_Cow_(11)_Tumbler_Wrap_11_oz_Mug_Template.png,2550,1050,299.9994,PNG,5413310,2025-05-05 18:49:04,,,,[],,[],,,,,,zip-3D_Highland_Cow_Valentine_Mug_Wraps-11oz_Mug_Wraps-20250530
3D_Valentines_Day_Highland_Cow_(9)_Tumbler_Wrap_11_oz_Mug_Template.png,2550,1050,299.9994,PNG,5552555,2025-05-05 18:49:04,,,,[],,[],,,,,,zip-3D_Highland_Cow_Valentine_Mug_Wraps-11oz_Mug_Wraps-20250530
3D_Valentines_Day_Highland_Cow_(16)_Tumbler_Wrap_11_oz_Mug_Template.png,2550,1050,299.9994,PNG,5925606,2025-05-05 18:49:04,,,,[],,[],,,,,,zip-3D_Highland_Cow_Valentine_Mug_Wraps-11oz_Mug_Wraps-20250530
3D_Pink_Valentine_Highland_Cow_Drips_Tumbler_Wrap_11_oz_Mug_Template.png,2550,1050,299.9994,PNG,4435423,2025-05-05 18:49:04,,,,[],,[],,,,,,zip-3D_Highland_Cow_Valentine_Mug_Wraps-11oz_Mug_Wraps-20250530
3D_Valentines_Day_Highland_Cow_(10)_Tumbler_Wrap_11_oz_Mug_Template.png,2550,1050,299.9994,PNG,4908965,2025-05-05 18:49:04,,,,[],,[],,,,,,zip-3D_Highland_Cow_Valentine_Mug_Wraps-11oz_Mug_Wraps-20250530
3D_Valentines_Day_Highland_Cow_(8)_Tumbler_Wrap_11_oz_Mug_Template.png,2550,1050,299.9994,PNG,6216053,2025-05-05 18:49:04,,,,[],,[],,,,,,zip-3D_Highland_Cow_Valentine_Mug_Wraps-11oz_Mug_Wraps-20250530
3D_Valentines_Day_Highland_Cow_(17)_Tumbler_Wrap_11_oz_Mug_Template.png,2550,1050,299.9994,PNG,6137191,2025-05-05 18:49:04,,,,[],,[],,,,,,zip-3D_Highland_Cow_Valentine_Mug_Wraps-11oz_Mug_Wraps-20250530
3D_Pink_Valentine_Highland_Cow_with_Glasses_Tumbler_Wrap_11_oz_Mug_Template.png,2550,1050,299.9994,PNG,4724816,2025-05-05 18:49:04,,,,[],,[],,,,,,zip-3D_Highland_Cow_Valentine_Mug_Wraps-11oz_Mug_Wraps-20250530
3D_Valentines_Day_Highland_Cow_(20)_Tumbler_Wrap_11_oz_Mug_Template.png,2550,1050,299.9994,PNG,5434013,2025-05-05 18:49:04,,,,[],,[],,,,,,zip-3D_Highland_Cow_Valentine_Mug_Wraps-11oz_Mug_Wraps-20250530
3D_Pink_Valentine_Highland_Cow_with_Bow_Tumbler_Wrap_11_oz_Mug_Template.png,2550,1050,299.9994,PNG,4681002,2025-05-05 18:49:04,,,,[],,[],,,,,,zip-3D_Highland_Cow_Valentine_Mug_Wraps-11oz_Mug_Wraps-20250530
3D_Pink_Valentine_Highland_Cow_Tumbler_Wrap_11_oz_Mug_Template.png,2550,1050,299.9994,PNG,4576574,2025-05-05 18:49:04,,,,[],,[],,,,,,zip-3D_Highland_Cow_Valentine_Mug_Wraps-11oz_Mug_Wraps-20250530
3D_Valentines_Day_Highland_Cow_(15)_Tumbler_Wrap_11_oz_Mug_Template.png,2550,1050,299.9994,PNG,4168774,2025-05-05 18:49:04,,,,[],,[],,,,,,zip-3D_Highland_Cow_Valentine_Mug_Wraps-11oz_Mug_Wraps-20250530
3D_Valentines_Day_Highland_Cow_(12)_Tumbler_Wrap_11_oz_Mug_Template.png,2550,1050,299.9994,PNG,4192574,2025-05-05 18:49:04,,,,[],,[],,,,,,zip-3D_Highland_Cow_Valentine_Mug_Wraps-11oz_Mug_Wraps-20250530
3D_Valentines_Day_Highland_Cow_(22)_Tumbler_Wrap_11_oz_Mug_Template.png,2550,1050,299.9994,PNG,4710193,2025-05-05 18:49:04,,,,[],,[],,,,,,zip-3D_Highland_Cow_Valentine_Mug_Wraps-11oz_Mug_Wraps-20250530
3D_Pink_Valentine_Cute_Baby_Highland_Cow_Tumbler_Wrap_11_oz_Mug_Template.png,2550,1050,299.9994,PNG,4722839,2025-05-05 18:49:04,,,,[],,[],,,,,,zip-3D_Highland_Cow_Valentine_Mug_Wraps-11oz_Mug_Wraps-20250530
3D_Valentines_Day_Highland_Cow_(6)_Tumbler_Wrap_11_oz_Mug_Template.png,2550,1050,299.9994,PNG,5741020,2025-05-05 18:49:04,,,,[],,[],,,,,,zip-3D_Highland_Cow_Valentine_Mug_Wraps-11oz_Mug_Wraps-20250530
